<?xml version="1.0" encoding="UTF-8"?>

<!-- generated on 09/14/16 12:52:18 by SUMO duarouter Version 0.27.1
<?xml version="1.0" encoding="UTF-8"?>

<configuration xmlns:xsi="http://www.w3.org/2001/XMLSchema-instance" xsi:noNamespaceSchemaLocation="http://sumo.dlr.de/xsd/duarouterConfiguration.xsd">

    <input>
        <net-file value="ito.net.xml"/>
        <trip-files value="trips.trips.xml"/>
    </input>

    <output>
        <output-file value="ito.rou.alt.xml"/>
    </output>

    <processing>
        <ignore-errors value="true"/>
    </processing>

    <time>
        <begin value="0"/>
        <end value="1000.0"/>
    </time>

    <report>
        <no-warnings value="true"/>
        <no-step-log value="true"/>
    </report>

</configuration>
-->

<routes xmlns:xsi="http://www.w3.org/2001/XMLSchema-instance" xsi:noNamespaceSchemaLocation="http://sumo.dlr.de/xsd/routes_file.xsd"/>
