<?xml version="1.0" encoding="UTF-8"?>

<!-- generated on 火  3/13 12:38:53 2018 by SUMO gui Version 0.30.0
<?xml version="1.0" encoding="UTF-8"?>

<configuration xmlns:xsi="http://www.w3.org/2001/XMLSchema-instance" xsi:noNamespaceSchemaLocation="http://sumo.dlr.de/xsd/sumoConfiguration.xsd">

    <input>
        <net-file value="../data/ito.net.xml"/>
        <route-files value="../data/h27_flow_data_test.rou.xml"/>
        <additional-files value="../data/ito.poly.xml"/>
    </input>

    <output>
        <tripinfo-output value="../output/tripinfo.xml"/>
    </output>

    <time>
        <begin value="0"/>
        <end value="43500"/>
    </time>

    <processing>
        <time-to-teleport value="-1"/>
    </processing>

    <traci_server>
        <remote-port value="8873"/>
    </traci_server>

</configuration>
-->

<tripinfos xmlns:xsi="http://www.w3.org/2001/XMLSchema-instance" xsi:noNamespaceSchemaLocation="http://sumo.dlr.de/xsd/tripinfo_file.xsd">
</tripinfos>
